{
    "providers": [
        {
            "type": "bitmap",
            "file": "minecraft:sb/admin.png",
            "ascent": 8,
            "height": 9,
            "chars": ["\uE001"]
        },
        {
            "type": "bitmap",
            "file": "minecraft:sb/tablist.png",
            "ascent": 12,
            "height": 13,
            "chars": ["\uE002"]
        },
        {
            "type": "bitmap",
            "file": "minecraft:sb/global.png",
            "ascent": 8,
            "height": 9,
            "chars": ["\uE003"]
        },
        {
            "type": "bitmap",
            "file": "minecraft:sb/warn.png",
            "ascent": 8,
            "height": 9,
            "chars": ["\uE004"]
        },
        {
            "type": "bitmap",
            "file": "minecraft:sb/nearly.png",
            "ascent": 8,
            "height": 9,
            "chars": ["\uE005"]
        },
        {
            "type": "bitmap",
            "file": "minecraft:sb/player.png",
            "ascent": 8,
            "height": 9,
            "chars": ["\uE006"]
        },
        {
            "type": "bitmap",
            "file": "minecraft:sb/online.png",
            "ascent": 8,
            "height": 9,
            "chars": ["\uE007"]
        },
        {
            "type": "bitmap",
            "file": "minecraft:sb/island1.png",
            "ascent": 8,
            "height": 9,
            "chars": ["\uE008"]
        },
        {
            "type": "bitmap",
            "file": "minecraft:sb/island2.png",
            "ascent": 8,
            "height": 9,
            "chars": ["\uE009"]
        },
        {
            "type": "bitmap",
            "file": "minecraft:sb/islandssel.png",
            "ascent": 8,
            "height": 9,
            "chars": ["\uE00A"]
        },
        {
            "type": "bitmap",
            "file": "minecraft:sb/dev.png",
            "ascent": 8,
            "height": 9,
            "chars": ["\uE00B"]

        },
        {
            "type": "bitmap",
            "file": "minecraft:sb/luca.png",
            "ascent": 8,
            "height": 9,
            "chars": ["\uE00C"]

        },
        {
            "type": "bitmap",
            "file": "minecraft:sb/owner.png",
            "ascent": 8,
            "height": 9,
            "chars": ["\uE00D"]

        },
        {
            "type": "bitmap",
            "file": "minecraft:sb/shley.png",
            "ascent": 8,
            "height": 9,
            "chars": ["\uE00E"]

        },
        {
            "type": "bitmap",
            "file": "minecraft:sb/therap.png",
            "ascent": 8,
            "height": 9,
            "chars": ["\uE00F"]

        },
        {
            "type": "bitmap",
            "file": "minecraft:sb/inseln.png",
            "ascent": 8,
            "height": 9,
            "chars": ["\uE010"]

        },
        {
            "type": "bitmap",
            "file": "minecraft:sb/dsc.png",
            "ascent": 8,
            "height": 9,
            "chars": ["\uE011"]

        },
        {
            "type": "bitmap",
            "file": "minecraft:sb/socials.png",
            "ascent": 8,
            "height": 9,
            "chars": ["\uE012"]

        },     
        {
            "type": "bitmap",
            "file": "minecraft:sb/twitch.png",
            "ascent": 8,
            "height": 9,
            "chars": ["\uE013"]

        },
        {
            "type": "bitmap",
            "file": "minecraft:sb/jstn.png",
            "ascent": 8,
            "height": 9,
            "chars": ["\uE014"]

        },
        {
            "type": "bitmap",
            "file": "minecraft:sb/blankwolfs.png",
            "ascent": 8,
            "height": 9,
            "chars": ["\uE015"]

        },
        {
            "type": "bitmap",
            "file": "minecraft:sb/builder.png",
            "ascent": 8,
            "height": 9,
            "chars": ["\uE016"]

        },
        {
            "type": "bitmap",
            "file": "minecraft:sb/tt.png",
            "ascent": 8,
            "height": 9,
            "chars": ["\uE017"]

        },
        {
            "type": "bitmap",
            "file": "minecraft:sb/basiclyaimbot.png",
            "ascent": 8,
            "height": 9,
            "chars": ["\uE018"]

        },
        {
            "type": "bitmap",
            "file": "minecraft:sb/insta.png",
            "ascent": 8,
            "height": 9,
            "chars": ["\uE019"]

        },
        {
            "type": "bitmap",
            "file": "minecraft:sb/wl.png",
            "ascent": 8,
            "height": 9,
            "chars": ["\uE026"]

        }
    ]
}