{
  "records.13": {
    "sounds": [
      "records/13"
    ]
  },
  "records.cat": {
    "sounds": [
      "records/cat"
    ]
  },
  "records.11": {
    "sounds": [
      "records/11"
    ]
  },
  "records.wait": {
    "sounds": [
      "records/wait"
    ]
  },
  "records.mellohi": {
    "sounds": [
      "records/mellohi"
    ]
  },
  "records.creator": {
    "sounds": [
      "records/creator"
    ]
  },
  "records.mall": {
    "sounds": [
      "records/mall"
    ]
  },
  "records.ward": {
    "sounds": [
      "records/ward"
    ]
  }
}
