{
    "providers": [
        {
            "type": "bitmap",
            "file": "minecraft:sb/Bex.png",
            "ascent": 8,
            "height": 9,
            "chars": ["\uE001"]
        },
        {
            "type": "bitmap",
            "file": "minecraft:sb/Dev.png",
            "ascent": 12,
            "height": 13,
            "chars": ["\uE002"]
        },
        {
            "type": "bitmap",
            "file": "minecraft:sb/Eigentümer.png",
            "ascent": 8,
            "height": 9,
            "chars": ["\uE003"]
        },
        {
            "type": "bitmap",
            "file": "minecraft:sb/Luca.png",
            "ascent": 8,
            "height": 9,
            "chars": ["\uE004"]
        },
        {
            "type": "bitmap",
            "file": "minecraft:sb/therap.png",
            "ascent": 8,
            "height": 9,
            "chars": ["\uE005"]
        }
    ]
}